"filename", "language", "PHP", "Markdown", "JSON", "SQL", "Batch", "XML", "CSS", "JavaScript", "YAML", "comment", "blank", "total"
"c:\xampp\htdocs\school\README.md", "Markdown", 0, 2, 0, 0, 0, 0, 0, 0, 0, 0, 1, 3
"c:\xampp\htdocs\school\School.session.sql", "SQL", 0, 0, 0, 2, 0, 0, 0, 0, 0, 0, 0, 2
"c:\xampp\htdocs\school\composer.json", "JSON", 0, 0, 5, 0, 0, 0, 0, 0, 0, 0, 1, 6
"c:\xampp\htdocs\school\composer.lock", "JSON", 0, 0, 169, 0, 0, 0, 0, 0, 0, 0, 1, 170
"c:\xampp\htdocs\school\database.sql", "SQL", 0, 0, 0, 97, 0, 0, 0, 0, 0, 1, 35, 133
"c:\xampp\htdocs\school\etc\pages.yml", "YAML", 0, 0, 0, 0, 0, 0, 0, 0, 21, 0, 1, 22
"c:\xampp\htdocs\school\events\PageNotFound.php", "PHP", 31, 0, 0, 0, 0, 0, 0, 0, 0, 5, 7, 43
"c:\xampp\htdocs\school\events\defaults\test_event.php", "PHP", 23, 0, 0, 0, 0, 0, 0, 0, 0, 0, 6, 29
"c:\xampp\htdocs\school\events\sppdb_connection.php", "PHP", 23, 0, 0, 0, 0, 0, 0, 0, 0, 5, 6, 34
"c:\xampp\htdocs\school\events\test_event.php", "PHP", 28, 0, 0, 0, 0, 0, 0, 0, 0, 2, 4, 34
"c:\xampp\htdocs\school\global.php", "PHP", 0, 0, 0, 0, 0, 0, 0, 0, 0, 0, 1, 1
"c:\xampp\htdocs\school\index.php", "PHP", 9, 0, 0, 0, 0, 0, 0, 0, 0, 67, 2, 78
"c:\xampp\htdocs\school\js\home.js", "JavaScript", 0, 0, 0, 0, 0, 0, 0, 8, 0, 6, 1, 15
"c:\xampp\htdocs\school\js\pages\login-form.js", "JavaScript", 0, 0, 0, 0, 0, 0, 0, 20, 0, 1, 2, 23
"c:\xampp\htdocs\school\js\pages\navbar.js", "JavaScript", 0, 0, 0, 0, 0, 0, 0, 16, 0, 0, 3, 19
"c:\xampp\htdocs\school\js\services.js", "JavaScript", 0, 0, 0, 0, 0, 0, 0, 3, 0, 0, 0, 3
"c:\xampp\htdocs\school\loadcomp.php", "PHP", 6, 0, 0, 0, 0, 0, 0, 0, 0, 4, 0, 10
"c:\xampp\htdocs\school\oldsrc\comp\forms\login-form.php", "PHP", 0, 0, 0, 0, 0, 0, 0, 0, 0, 1, 1, 2
"c:\xampp\htdocs\school\oldsrc\comp\home-welcome.php", "PHP", 1, 0, 0, 0, 0, 0, 0, 0, 0, 0, 0, 1
"c:\xampp\htdocs\school\oldsrc\comp\loggedout.php", "PHP", 1, 0, 0, 0, 0, 0, 0, 0, 0, 0, 0, 1
"c:\xampp\htdocs\school\oldsrc\comp\login-form.php", "PHP", 39, 0, 0, 0, 0, 0, 0, 0, 0, 1, 1, 41
"c:\xampp\htdocs\school\oldsrc\comp\navbar.php", "PHP", 53, 0, 0, 0, 0, 0, 0, 0, 0, 0, 1, 54
"c:\xampp\htdocs\school\oldsrc\home.php", "PHP", 65, 0, 0, 0, 0, 0, 0, 0, 0, 35, 11, 111
"c:\xampp\htdocs\school\oldsrc\server\auth.php", "PHP", 44, 0, 0, 0, 0, 0, 0, 0, 0, 16, 1, 61
"c:\xampp\htdocs\school\oldsrc\server\class.person.php", "PHP", 30, 0, 0, 0, 0, 0, 0, 0, 0, 23, 8, 61
"c:\xampp\htdocs\school\oldsrc\server\class.student.php", "PHP", 5, 0, 0, 0, 0, 0, 0, 0, 0, 0, 2, 7
"c:\xampp\htdocs\school\resources\css\home.css", "CSS", 0, 0, 0, 0, 0, 0, 211, 0, 0, 1, 22, 234
"c:\xampp\htdocs\school\resources\css\style.css", "CSS", 0, 0, 0, 0, 0, 0, 176, 0, 0, 1, 27, 204
"c:\xampp\htdocs\school\serv.php", "PHP", 14, 0, 0, 0, 0, 0, 0, 0, 0, 4, 0, 18
"c:\xampp\htdocs\school\spp\admin\controller.modmain.php", "PHP", 24, 0, 0, 0, 0, 0, 0, 0, 0, 16, 1, 41
"c:\xampp\htdocs\school\spp\admin\controls.devsetup.php", "PHP", 18, 0, 0, 0, 0, 0, 0, 0, 0, 41, 1, 60
"c:\xampp\htdocs\school\spp\admin\controls.devsetup.xml", "XML", 0, 0, 0, 0, 0, 121, 0, 0, 0, 7, 2, 130
"c:\xampp\htdocs\school\spp\admin\controls.devsetup.yml", "YAML", 0, 0, 0, 0, 0, 0, 0, 0, 70, 0, 1, 71
"c:\xampp\htdocs\school\spp\admin\devsetup.php", "PHP", 50, 0, 0, 0, 0, 0, 0, 0, 0, 5, 1, 56
"c:\xampp\htdocs\school\spp\admin\index.php", "PHP", 54, 0, 0, 0, 0, 0, 0, 0, 0, 9, 2, 65
"c:\xampp\htdocs\school\spp\admin\modmain.php", "PHP", 54, 0, 0, 0, 0, 0, 0, 0, 0, 6, 2, 62
"c:\xampp\htdocs\school\spp\app\index.php", "PHP", 21, 0, 0, 0, 0, 0, 0, 0, 0, 0, 2, 23
"c:\xampp\htdocs\school\spp\core\class.app.php", "PHP", 158, 0, 0, 0, 0, 0, 0, 0, 0, 94, 23, 275
"c:\xampp\htdocs\school\spp\core\class.eventhandler.php", "PHP", 149, 0, 0, 0, 0, 0, 0, 0, 0, 92, 30, 271
"c:\xampp\htdocs\school\spp\core\class.externalhandler.php", "PHP", 65, 0, 0, 0, 0, 0, 0, 0, 0, 51, 16, 132
"c:\xampp\htdocs\school\spp\core\class.module.php", "PHP", 188, 0, 0, 0, 0, 0, 0, 0, 0, 120, 16, 324
"c:\xampp\htdocs\school\spp\core\class.registry.php", "PHP", 147, 0, 0, 0, 0, 0, 0, 0, 0, 89, 15, 251
"c:\xampp\htdocs\school\spp\core\class.scheduler.php", "PHP", 90, 0, 0, 0, 0, 0, 0, 0, 0, 49, 10, 149
"c:\xampp\htdocs\school\spp\core\class.settings.php", "PHP", 50, 0, 0, 0, 0, 0, 0, 0, 0, 11, 5, 66
"c:\xampp\htdocs\school\spp\core\class.sppbase.php", "PHP", 25, 0, 0, 0, 0, 0, 0, 0, 0, 78, 5, 108
"c:\xampp\htdocs\school\spp\core\class.sppdev.php", "PHP", 47, 0, 0, 0, 0, 0, 0, 0, 0, 8, 3, 58
"c:\xampp\htdocs\school\spp\core\class.spperror.php", "PHP", 218, 0, 0, 0, 0, 0, 0, 0, 0, 66, 20, 304
"c:\xampp\htdocs\school\spp\core\class.sppevent.php", "PHP", 317, 0, 0, 0, 0, 0, 0, 0, 0, 161, 36, 514
"c:\xampp\htdocs\school\spp\core\class.sppexception.php", "PHP", 41, 0, 0, 0, 0, 0, 0, 0, 0, 18, 4, 63
"c:\xampp\htdocs\school\spp\core\class.sppfs.php", "PHP", 28, 0, 0, 0, 0, 0, 0, 0, 0, 9, 0, 37
"c:\xampp\htdocs\school\spp\core\class.sppglobal.php", "PHP", 57, 0, 0, 0, 0, 0, 0, 0, 0, 52, 9, 118
"c:\xampp\htdocs\school\spp\core\class.sppobject.php", "PHP", 51, 0, 0, 0, 0, 0, 0, 0, 0, 36, 6, 93
"c:\xampp\htdocs\school\spp\core\class.sppsession.php", "PHP", 152, 0, 0, 0, 0, 0, 0, 0, 0, 108, 23, 283
"c:\xampp\htdocs\school\spp\core\class.sppstring.php", "PHP", 43, 0, 0, 0, 0, 0, 0, 0, 0, 6, 2, 51
"c:\xampp\htdocs\school\spp\core\class.spputils.php", "PHP", 55, 0, 0, 0, 0, 0, 0, 0, 0, 11, 6, 72
"c:\xampp\htdocs\school\spp\core\class.sppxml.php", "PHP", 41, 0, 0, 0, 0, 0, 0, 0, 0, 9, 5, 55
"c:\xampp\htdocs\school\spp\core\class.stack.php", "PHP", 44, 0, 0, 0, 0, 0, 0, 0, 0, 7, 5, 56
"c:\xampp\htdocs\school\spp\core\class.xsettings.php", "PHP", 48, 0, 0, 0, 0, 0, 0, 0, 0, 10, 5, 63
"c:\xampp\htdocs\school\spp\core\excelgenerate.php", "PHP", 9, 0, 0, 0, 0, 0, 0, 0, 0, 0, 0, 9
"c:\xampp\htdocs\school\spp\core\index.php", "PHP", 0, 0, 0, 0, 0, 0, 0, 0, 0, 0, 1, 1
"c:\xampp\htdocs\school\spp\core\int.imodule.php", "PHP", 6, 0, 0, 0, 0, 0, 0, 0, 0, 0, 1, 7
"c:\xampp\htdocs\school\spp\core\int.sppientity.php", "PHP", 4, 0, 0, 0, 0, 0, 0, 0, 0, 0, 0, 4
"c:\xampp\htdocs\school\spp\core\settings.php", "PHP", 13, 0, 0, 0, 0, 0, 0, 0, 0, 3, 0, 16
"c:\xampp\htdocs\school\spp\core\sppfuncs.php", "PHP", 120, 0, 0, 0, 0, 0, 0, 0, 0, 87, 33, 240
"c:\xampp\htdocs\school\spp\core\sppsystemevents.php", "PHP", 16, 0, 0, 0, 0, 0, 0, 0, 0, 0, 2, 18
"c:\xampp\htdocs\school\spp\core\sppsystemexceptions.php", "PHP", 183, 0, 0, 0, 0, 0, 0, 0, 0, 1, 29, 213
"c:\xampp\htdocs\school\spp\dev\controls.devsetup.php", "PHP", 18, 0, 0, 0, 0, 0, 0, 0, 0, 41, 0, 59
"c:\xampp\htdocs\school\spp\dev\controls.devsetup.xml", "XML", 0, 0, 0, 0, 0, 121, 0, 0, 0, 7, 2, 130
"c:\xampp\htdocs\school\spp\dev\devconsole.php", "PHP", 12, 0, 0, 0, 0, 0, 0, 0, 0, 1, 2, 15
"c:\xampp\htdocs\school\spp\dev\devsetup.php", "PHP", 50, 0, 0, 0, 0, 0, 0, 0, 0, 5, 1, 56
"c:\xampp\htdocs\school\spp\dev\devsetup1.php", "PHP", 36, 0, 0, 0, 0, 0, 0, 0, 0, 2, 1, 39
"c:\xampp\htdocs\school\spp\dev\index.php", "PHP", 43, 0, 0, 0, 0, 0, 0, 0, 0, 18, 2, 63
"c:\xampp\htdocs\school\spp\dev\model.index.php", "PHP", 7, 0, 0, 0, 0, 0, 0, 0, 0, 3, 1, 11
"c:\xampp\htdocs\school\spp\etc\apps\default\modsconf\modules.yml", "YAML", 0, 0, 0, 0, 0, 0, 0, 0, 85, 0, 1, 86
"c:\xampp\htdocs\school\spp\etc\apps\default\modsconf\sppdb\config.xml", "XML", 0, 0, 0, 0, 0, 25, 0, 0, 0, 7, 2, 34
"c:\xampp\htdocs\school\spp\etc\apps\default\modsconf\sppdb\config.yml", "YAML", 0, 0, 0, 0, 0, 0, 0, 0, 6, 0, 1, 7
"c:\xampp\htdocs\school\spp\etc\apps\default\modsconf\sppdojo\dojosources.xml", "XML", 0, 0, 0, 0, 0, 138, 0, 0, 0, 7, 2, 147
"c:\xampp\htdocs\school\spp\etc\apps\default\modsconf\sppentity\config.xml", "XML", 0, 0, 0, 0, 0, 25, 0, 0, 0, 7, 2, 34
"c:\xampp\htdocs\school\spp\etc\apps\default\modules.xml", "XML", 0, 0, 0, 0, 0, 76, 0, 0, 0, 7, 2, 85
"c:\xampp\htdocs\school\spp\etc\apps\default\settings.xml", "XML", 0, 0, 0, 0, 0, 19, 0, 0, 0, 7, 3, 29
"c:\xampp\htdocs\school\spp\etc\apps\demo\modsconf\sppdb\config.xml", "XML", 0, 0, 0, 0, 0, 25, 0, 0, 0, 7, 2, 34
"c:\xampp\htdocs\school\spp\etc\apps\demo\modsconf\sppdojo\dojosources.xml", "XML", 0, 0, 0, 0, 0, 138, 0, 0, 0, 7, 2, 147
"c:\xampp\htdocs\school\spp\etc\apps\demo\modules.xml", "XML", 0, 0, 0, 0, 0, 97, 0, 0, 0, 7, 2, 106
"c:\xampp\htdocs\school\spp\etc\apps\demo\settings.xml", "XML", 0, 0, 0, 0, 0, 16, 0, 0, 0, 7, 2, 25
"c:\xampp\htdocs\school\spp\etc\apps\sppadmin\modsconf\sppdb\config.xml", "XML", 0, 0, 0, 0, 0, 25, 0, 0, 0, 7, 2, 34
"c:\xampp\htdocs\school\spp\etc\apps\sppadmin\modsconf\sppdojo\dojosources.xml", "XML", 0, 0, 0, 0, 0, 138, 0, 0, 0, 7, 2, 147
"c:\xampp\htdocs\school\spp\etc\apps\sppadmin\modules.xml", "XML", 0, 0, 0, 0, 0, 97, 0, 0, 0, 7, 2, 106
"c:\xampp\htdocs\school\spp\etc\apps\sppadmin\settings.xml", "XML", 0, 0, 0, 0, 0, 16, 0, 0, 0, 7, 2, 25
"c:\xampp\htdocs\school\spp\etc\apps\sppdev\modsconf\sppdb\config.xml", "XML", 0, 0, 0, 0, 0, 25, 0, 0, 0, 7, 2, 34
"c:\xampp\htdocs\school\spp\etc\apps\sppdev\modsconf\sppdojo\dojosources.xml", "XML", 0, 0, 0, 0, 0, 138, 0, 0, 0, 7, 2, 147
"c:\xampp\htdocs\school\spp\etc\apps\sppdev\modules.xml", "XML", 0, 0, 0, 0, 0, 97, 0, 0, 0, 7, 2, 106
"c:\xampp\htdocs\school\spp\etc\apps\sppdev\settings.xml", "XML", 0, 0, 0, 0, 0, 16, 0, 0, 0, 7, 2, 25
"c:\xampp\htdocs\school\spp\etc\initrc.php", "PHP", 2, 0, 0, 0, 0, 0, 0, 0, 0, 4, 1, 7
"c:\xampp\htdocs\school\spp\etc\modsconf\sppdojo\dojosources.xml", "XML", 0, 0, 0, 0, 0, 138, 0, 0, 0, 7, 2, 147
"c:\xampp\htdocs\school\spp\etc\modules.xml", "XML", 0, 0, 0, 0, 0, 97, 0, 0, 0, 7, 2, 106
"c:\xampp\htdocs\school\spp\etc\settings.xml", "XML", 0, 0, 0, 0, 0, 19, 0, 0, 0, 7, 2, 28
"c:\xampp\htdocs\school\spp\index.php", "PHP", 0, 0, 0, 0, 0, 0, 0, 0, 0, 0, 1, 1
"c:\xampp\htdocs\school\spp\install\appusers.php", "PHP", 2, 0, 0, 0, 0, 0, 0, 0, 0, 10, 1, 13
"c:\xampp\htdocs\school\spp\install\database.sql", "SQL", 0, 0, 0, 97, 0, 0, 0, 0, 0, 0, 35, 132
"c:\xampp\htdocs\school\spp\install\index.php", "PHP", 0, 0, 0, 0, 0, 0, 0, 0, 0, 0, 1, 1
"c:\xampp\htdocs\school\spp\install\sysconfigtabvars.php", "PHP", 2, 0, 0, 0, 0, 0, 0, 0, 0, 5, 2, 9
"c:\xampp\htdocs\school\spp\install\sysconfigvars.php", "PHP", 3, 0, 0, 0, 0, 0, 0, 0, 0, 5, 0, 8
"c:\xampp\htdocs\school\spp\install\sysrights.php", "PHP", 2, 0, 0, 0, 0, 0, 0, 0, 0, 5, 2, 9
"c:\xampp\htdocs\school\spp\install\sysroles.php", "PHP", 2, 0, 0, 0, 0, 0, 0, 0, 0, 5, 1, 8
"c:\xampp\htdocs\school\spp\install\syssequences.php", "PHP", 5, 0, 0, 0, 0, 0, 0, 0, 0, 5, 1, 11
"c:\xampp\htdocs\school\spp\lib\jquery\jquery-3.7.1.js", "JavaScript", 0, 0, 0, 0, 0, 0, 0, 6767, 0, 1887, 2063, 10717
"c:\xampp\htdocs\school\spp\modules\class.sppdbentity.php", "PHP", 31, 0, 0, 0, 0, 0, 0, 0, 0, 49, 9, 89
"c:\xampp\htdocs\school\spp\modules\school\schorg\class.schorg.php", "PHP", 33, 0, 0, 0, 0, 0, 0, 0, 0, 5, 6, 44
"c:\xampp\htdocs\school\spp\modules\school\schorg\module.xml", "XML", 0, 0, 0, 0, 0, 15, 0, 0, 0, 6, 2, 23
"c:\xampp\htdocs\school\spp\modules\school\schorg\orgexceptions.php", "PHP", 12, 0, 0, 0, 0, 0, 0, 0, 0, 0, 2, 14
"c:\xampp\htdocs\school\spp\modules\school\schperson\class.schperson.php", "PHP", 36, 0, 0, 0, 0, 0, 0, 0, 0, 5, 6, 47
"c:\xampp\htdocs\school\spp\modules\school\schperson\module.xml", "XML", 0, 0, 0, 0, 0, 15, 0, 0, 0, 6, 2, 23
"c:\xampp\htdocs\school\spp\modules\school\schperson\personexceptions.php", "PHP", 12, 0, 0, 0, 0, 0, 0, 0, 0, 0, 2, 14
"c:\xampp\htdocs\school\spp\modules\spp\sppajax\module.xml", "XML", 0, 0, 0, 0, 0, 15, 0, 0, 0, 6, 2, 23
"c:\xampp\htdocs\school\spp\modules\spp\sppauth\class.sppauth.php", "PHP", 93, 0, 0, 0, 0, 0, 0, 0, 0, 72, 8, 173
"c:\xampp\htdocs\school\spp\modules\spp\sppauth\class.sppright.php", "PHP", 49, 0, 0, 0, 0, 0, 0, 0, 0, 34, 7, 90
"c:\xampp\htdocs\school\spp\modules\spp\sppauth\class.spprole.php", "PHP", 75, 0, 0, 0, 0, 0, 0, 0, 0, 38, 6, 119
"c:\xampp\htdocs\school\spp\modules\spp\sppauth\class.sppuser.php", "PHP", 227, 0, 0, 0, 0, 0, 0, 0, 0, 107, 21, 355
"c:\xampp\htdocs\school\spp\modules\spp\sppauth\class.sppusersession.php", "PHP", 116, 0, 0, 0, 0, 0, 0, 0, 0, 52, 10, 178
"c:\xampp\htdocs\school\spp\modules\spp\sppauth\module.xml", "XML", 0, 0, 0, 0, 0, 19, 0, 0, 0, 7, 2, 28
"c:\xampp\htdocs\school\spp\modules\spp\sppconfig\class.sppconfig.php", "PHP", 174, 0, 0, 0, 0, 0, 0, 0, 0, 78, 10, 262
"c:\xampp\htdocs\school\spp\modules\spp\sppconfig\module.xml", "XML", 0, 0, 0, 0, 0, 15, 0, 0, 0, 7, 2, 24
"c:\xampp\htdocs\school\spp\modules\spp\sppdb\class.sppdb.php", "PHP", 176, 0, 0, 0, 0, 0, 0, 0, 0, 135, 20, 331
"c:\xampp\htdocs\school\spp\modules\spp\sppdb\class.sppsequence.php", "PHP", 95, 0, 0, 0, 0, 0, 0, 0, 0, 38, 4, 137
"c:\xampp\htdocs\school\spp\modules\spp\sppdb\events\defaults\sppdb_connection.php", "PHP", 9, 0, 0, 0, 0, 0, 0, 0, 0, 1, 3, 13
"c:\xampp\htdocs\school\spp\modules\spp\sppdb\modinit.php", "PHP", 4, 0, 0, 0, 0, 0, 0, 0, 0, 0, 1, 5
"c:\xampp\htdocs\school\spp\modules\spp\sppdb\module.xml", "XML", 0, 0, 0, 0, 0, 16, 0, 0, 0, 7, 2, 25
"c:\xampp\htdocs\school\spp\modules\spp\sppentity\class.sppentity.php", "PHP", 315, 0, 0, 0, 0, 0, 0, 0, 0, 181, 41, 537
"c:\xampp\htdocs\school\spp\modules\spp\sppentity\class.sppentityrelations.php", "PHP", 212, 0, 0, 0, 0, 0, 0, 0, 0, 95, 22, 329
"c:\xampp\htdocs\school\spp\modules\spp\sppentity\entityexceptions.php", "PHP", 15, 0, 0, 0, 0, 0, 0, 0, 0, 0, 3, 18
"c:\xampp\htdocs\school\spp\modules\spp\sppentity\module.xml", "XML", 0, 0, 0, 0, 0, 15, 0, 0, 0, 6, 2, 23
"c:\xampp\htdocs\school\spp\modules\spp\spplogger\class.spplogger.php", "PHP", 22, 0, 0, 0, 0, 0, 0, 0, 0, 15, 1, 38
"c:\xampp\htdocs\school\spp\modules\spp\spplogger\module.xml", "XML", 0, 0, 0, 0, 0, 15, 0, 0, 0, 7, 2, 24
"c:\xampp\htdocs\school\spp\modules\spp\sppprofile\class.sppprofile.php", "PHP", 327, 0, 0, 0, 0, 0, 0, 0, 0, 111, 19, 457
"c:\xampp\htdocs\school\spp\modules\spp\sppprofile\module.xml", "XML", 0, 0, 0, 0, 0, 15, 0, 0, 0, 7, 2, 24
"c:\xampp\htdocs\school\spp\modules\spp\sppuserprofile\class.sppuserprofile.php", "PHP", 30, 0, 0, 0, 0, 0, 0, 0, 0, 10, 3, 43
"c:\xampp\htdocs\school\spp\modules\spp\sppview\ajaxexceptions.php", "PHP", 13, 0, 0, 0, 0, 0, 0, 0, 0, 0, 3, 16
"c:\xampp\htdocs\school\spp\modules\spp\sppview\class.ajax.php", "PHP", 93, 0, 0, 0, 0, 0, 0, 0, 0, 60, 15, 168
"c:\xampp\htdocs\school\spp\modules\spp\sppview\class.domevent.php", "PHP", 6, 0, 0, 0, 0, 0, 0, 0, 0, 0, 1, 7
"c:\xampp\htdocs\school\spp\modules\spp\sppview\class.pages.php", "PHP", 92, 0, 0, 0, 0, 0, 0, 0, 0, 11, 4, 107
"c:\xampp\htdocs\school\spp\modules\spp\sppview\class.sppformelement.php", "PHP", 19, 0, 0, 0, 0, 0, 0, 0, 0, 12, 6, 37
"c:\xampp\htdocs\school\spp\modules\spp\sppview\class.spphtmlblock.php", "PHP", 50, 0, 0, 0, 0, 0, 0, 0, 0, 5, 17, 72
"c:\xampp\htdocs\school\spp\modules\spp\sppview\class.spphtmltable.php", "PHP", 152, 0, 0, 0, 0, 0, 0, 0, 0, 23, 22, 197
"c:\xampp\htdocs\school\spp\modules\spp\sppview\class.spprequest.php", "PHP", 30, 0, 0, 0, 0, 0, 0, 0, 0, 0, 5, 35
"c:\xampp\htdocs\school\spp\modules\spp\sppview\class.sppresponse.php", "PHP", 43, 0, 0, 0, 0, 0, 0, 0, 0, 66, 15, 124
"c:\xampp\htdocs\school\spp\modules\spp\sppview\class.sppvalidator.php", "PHP", 47, 0, 0, 0, 0, 0, 0, 0, 0, 16, 10, 73
"c:\xampp\htdocs\school\spp\modules\spp\sppview\class.sppviewerrors.php", "PHP", 70, 0, 0, 0, 0, 0, 0, 0, 0, 0, 7, 77
"c:\xampp\htdocs\school\spp\modules\spp\sppview\class.sppviewform.php", "PHP", 159, 0, 0, 0, 0, 0, 0, 0, 0, 69, 22, 250
"c:\xampp\htdocs\school\spp\modules\spp\sppview\class.viewpage.php", "PHP", 361, 0, 0, 0, 0, 0, 0, 0, 0, 353, 62, 776
"c:\xampp\htdocs\school\spp\modules\spp\sppview\class.viewtag.php", "PHP", 313, 0, 0, 0, 0, 0, 0, 0, 0, 267, 67, 647
"c:\xampp\htdocs\school\spp\modules\spp\sppview\classes.htmlelements.php", "PHP", 89, 0, 0, 0, 0, 0, 0, 0, 0, 1, 15, 105
"c:\xampp\htdocs\school\spp\modules\spp\sppview\formelements\classes.formelements.php", "PHP", 331, 0, 0, 0, 0, 0, 0, 0, 0, 43, 32, 406
"c:\xampp\htdocs\school\spp\modules\spp\sppview\js\sppview.js", "JavaScript", 0, 0, 0, 0, 0, 0, 0, 0, 0, 0, 1, 1
"c:\xampp\htdocs\school\spp\modules\spp\sppview\modinit.php", "PHP", 4, 0, 0, 0, 0, 0, 0, 0, 0, 0, 2, 6
"c:\xampp\htdocs\school\spp\modules\spp\sppview\module.xml", "XML", 0, 0, 0, 0, 0, 22, 0, 0, 0, 7, 2, 31
"c:\xampp\htdocs\school\spp\modules\spp\sppview\sppvalidator\class.sppmultiplevalidator.php", "PHP", 26, 0, 0, 0, 0, 0, 0, 0, 0, 7, 5, 38
"c:\xampp\htdocs\school\spp\modules\spp\sppview\sppvalidator\class.sppsinglevalidator.php", "PHP", 19, 0, 0, 0, 0, 0, 0, 0, 0, 7, 6, 32
"c:\xampp\htdocs\school\spp\modules\spp\sppview\sppvalidator\class.sppvalidate.php", "PHP", 5, 0, 0, 0, 0, 0, 0, 0, 0, 10, 3, 18
"c:\xampp\htdocs\school\spp\modules\spp\sppview\sppvalidator\classes.sppvalidators.php", "PHP", 67, 0, 0, 0, 0, 0, 0, 0, 0, 3, 9, 79
"c:\xampp\htdocs\school\spp\modules\spp\sppview\sppvalidator\module.xml", "XML", 0, 0, 0, 0, 0, 17, 0, 0, 0, 7, 2, 26
"c:\xampp\htdocs\school\spp\modules\spp\sppwizard\class.sppwizard.php", "PHP", 89, 0, 0, 0, 0, 0, 0, 0, 0, 57, 9, 155
"c:\xampp\htdocs\school\spp\modules\spp\sppwizard\module.xml", "XML", 0, 0, 0, 0, 0, 15, 0, 0, 0, 7, 2, 24
"c:\xampp\htdocs\school\spp\modules\spp\sppxdb\class.sppxdb.php", "PHP", 5, 0, 0, 0, 0, 0, 0, 0, 0, 11, 1, 17
"c:\xampp\htdocs\school\spp\modules\spp\sppxdb\module.xml", "XML", 0, 0, 0, 0, 0, 15, 0, 0, 0, 7, 2, 24
"c:\xampp\htdocs\school\spp\pages.php", "PHP", 5, 0, 0, 0, 0, 0, 0, 0, 0, 0, 4, 9
"c:\xampp\htdocs\school\spp\res\css\spp.css", "CSS", 0, 0, 0, 0, 0, 0, 0, 0, 0, 0, 1, 1
"c:\xampp\htdocs\school\spp\res\js\spp.js", "JavaScript", 0, 0, 0, 0, 0, 0, 0, 24, 0, 3, 6, 33
"c:\xampp\htdocs\school\spp\res\js\sppview\sppview.js", "JavaScript", 0, 0, 0, 0, 0, 0, 0, 20, 0, 0, 5, 25
"c:\xampp\htdocs\school\spp\services.php", "PHP", 19, 0, 0, 0, 0, 0, 0, 0, 0, 0, 5, 24
"c:\xampp\htdocs\school\spp\sppinit.php", "PHP", 49, 0, 0, 0, 0, 0, 0, 0, 0, 81, 9, 139
"c:\xampp\htdocs\school\src\about.php", "PHP", 5, 0, 0, 0, 0, 0, 0, 0, 0, 0, 0, 5
"c:\xampp\htdocs\school\src\home.php", "PHP", 49, 0, 0, 0, 0, 0, 0, 0, 0, 4, 6, 59
"c:\xampp\htdocs\school\src\login.php", "PHP", 39, 0, 0, 0, 0, 0, 0, 0, 0, 0, 3, 42
"c:\xampp\htdocs\school\vendor\autoload.php", "PHP", 20, 0, 0, 0, 0, 0, 0, 0, 0, 1, 5, 26
"c:\xampp\htdocs\school\vendor\bin\yaml-lint.bat", "Batch", 0, 0, 0, 0, 5, 0, 0, 0, 0, 0, 1, 6
"c:\xampp\htdocs\school\vendor\composer\ClassLoader.php", "PHP", 286, 0, 0, 0, 0, 0, 0, 0, 0, 235, 59, 580
"c:\xampp\htdocs\school\vendor\composer\InstalledVersions.php", "PHP", 178, 0, 0, 0, 0, 0, 0, 0, 0, 133, 49, 360
"c:\xampp\htdocs\school\vendor\composer\autoload_classmap.php", "PHP", 6, 0, 0, 0, 0, 0, 0, 0, 0, 1, 4, 11
"c:\xampp\htdocs\school\vendor\composer\autoload_files.php", "PHP", 6, 0, 0, 0, 0, 0, 0, 0, 0, 1, 4, 11
"c:\xampp\htdocs\school\vendor\composer\autoload_namespaces.php", "PHP", 5, 0, 0, 0, 0, 0, 0, 0, 0, 1, 4, 10
"c:\xampp\htdocs\school\vendor\composer\autoload_psr4.php", "PHP", 7, 0, 0, 0, 0, 0, 0, 0, 0, 1, 4, 12
"c:\xampp\htdocs\school\vendor\composer\autoload_real.php", "PHP", 35, 0, 0, 0, 0, 0, 0, 0, 0, 4, 12, 51
"c:\xampp\htdocs\school\vendor\composer\autoload_static.php", "PHP", 36, 0, 0, 0, 0, 0, 0, 0, 0, 1, 9, 46
"c:\xampp\htdocs\school\vendor\composer\installed.json", "JSON", 0, 0, 162, 0, 0, 0, 0, 0, 0, 0, 1, 163
"c:\xampp\htdocs\school\vendor\composer\installed.php", "PHP", 41, 0, 0, 0, 0, 0, 0, 0, 0, 0, 1, 42
"c:\xampp\htdocs\school\vendor\composer\platform_check.php", "PHP", 21, 0, 0, 0, 0, 0, 0, 0, 0, 1, 5, 27
"c:\xampp\htdocs\school\vendor\symfony\polyfill-ctype\Ctype.php", "PHP", 76, 0, 0, 0, 0, 0, 0, 0, 0, 127, 30, 233
"c:\xampp\htdocs\school\vendor\symfony\polyfill-ctype\README.md", "Markdown", 0, 8, 0, 0, 0, 0, 0, 0, 0, 0, 5, 13
"c:\xampp\htdocs\school\vendor\symfony\polyfill-ctype\bootstrap.php", "PHP", 38, 0, 0, 0, 0, 0, 0, 0, 0, 8, 5, 51
"c:\xampp\htdocs\school\vendor\symfony\polyfill-ctype\bootstrap80.php", "PHP", 35, 0, 0, 0, 0, 0, 0, 0, 0, 8, 4, 47
"c:\xampp\htdocs\school\vendor\symfony\polyfill-ctype\composer.json", "JSON", 0, 0, 38, 0, 0, 0, 0, 0, 0, 0, 1, 39
"c:\xampp\htdocs\school\vendor\symfony\yaml\CHANGELOG.md", "Markdown", 0, 182, 0, 0, 0, 0, 0, 0, 0, 0, 82, 264
"c:\xampp\htdocs\school\vendor\symfony\yaml\Command\LintCommand.php", "PHP", 203, 0, 0, 0, 0, 0, 0, 0, 0, 15, 56, 274
"c:\xampp\htdocs\school\vendor\symfony\yaml\Dumper.php", "PHP", 113, 0, 0, 0, 0, 0, 0, 0, 0, 29, 37, 179
"c:\xampp\htdocs\school\vendor\symfony\yaml\Escaper.php", "PHP", 41, 0, 0, 0, 0, 0, 0, 0, 0, 45, 10, 96
"c:\xampp\htdocs\school\vendor\symfony\yaml\Exception\DumpException.php", "PHP", 5, 0, 0, 0, 0, 0, 0, 0, 0, 13, 4, 22
"c:\xampp\htdocs\school\vendor\symfony\yaml\Exception\ExceptionInterface.php", "PHP", 5, 0, 0, 0, 0, 0, 0, 0, 0, 13, 4, 22
"c:\xampp\htdocs\school\vendor\symfony\yaml\Exception\ParseException.php", "PHP", 63, 0, 0, 0, 0, 0, 0, 0, 0, 39, 20, 122
"c:\xampp\htdocs\school\vendor\symfony\yaml\Exception\RuntimeException.php", "PHP", 5, 0, 0, 0, 0, 0, 0, 0, 0, 13, 4, 22
"c:\xampp\htdocs\school\vendor\symfony\yaml\Inline.php", "PHP", 595, 0, 0, 0, 0, 0, 0, 0, 0, 115, 126, 836
"c:\xampp\htdocs\school\vendor\symfony\yaml\Parser.php", "PHP", 900, 0, 0, 0, 0, 0, 0, 0, 0, 129, 216, 1245
"c:\xampp\htdocs\school\vendor\symfony\yaml\README.md", "Markdown", 0, 10, 0, 0, 0, 0, 0, 0, 0, 0, 4, 14
"c:\xampp\htdocs\school\vendor\symfony\yaml\Tag\TaggedValue.php", "PHP", 18, 0, 0, 0, 0, 0, 0, 0, 0, 12, 6, 36
"c:\xampp\htdocs\school\vendor\symfony\yaml\Unescaper.php", "PHP", 56, 0, 0, 0, 0, 0, 0, 0, 0, 42, 11, 109
"c:\xampp\htdocs\school\vendor\symfony\yaml\Yaml.php", "PHP", 34, 0, 0, 0, 0, 0, 0, 0, 0, 53, 11, 98
"c:\xampp\htdocs\school\vendor\symfony\yaml\composer.json", "JSON", 0, 0, 38, 0, 0, 0, 0, 0, 0, 0, 1, 39
"Total", "-", 10282, 202, 412, 196, 5, 1816, 387, 6858, 182, 6838, 4030, 31208